"name","imgUrl","link","summary"
" Jack Nicholson","https://m.media-amazon.com/images/M/MV5BMTQ3OTY0ODk0M15BMl5BanBnXkFtZTYwNzE4Njc4._V1_UY209_CR5,0,140,209_AL_.jpg","https://www.imdb.com/name/nm0000197?ref_=nmls_hd","Jack Nicholson, an American actor, producer, director and screenwriter, is a three-time Academy Award winner and twelve-time nominee. Nicholson is also notable for being one of two actors - the other being Michael Caine - who have received an Oscar nomination in every decade from the '60s through ...                "
" Ralph Fiennes","https://m.media-amazon.com/images/M/MV5BMzc5MjE1NDgyN15BMl5BanBnXkFtZTcwNzg2ODgwNA@@._V1_UY209_CR10,0,140,209_AL_.jpg","https://www.imdb.com/name/nm0000146?ref_=nmls_hd","Actor Ralph Nathaniel Twisleton-Wykeham-Fiennes was born on December 22, 1962 in Suffolk, England, to Jennifer Anne Mary Alleyne (Lash), a novelist, and Mark Fiennes, a photographer. He is the eldest of six children. Four of his siblings are also in the arts: Martha Fiennes, a director; Magnus ...                "
" Daniel Day-Lewis","https://m.media-amazon.com/images/M/MV5BMjE2NDY2NDc1Ml5BMl5BanBnXkFtZTcwNjAyMjkwOQ@@._V1_UY209_CR9,0,140,209_AL_.jpg","https://www.imdb.com/name/nm0000358?ref_=nmls_hd","Born in London, England, Daniel Michael Blake Day-Lewis is the second child of Cecil Day-Lewis (pseudonym Cecil Day-Lewis), Poet Laureate of the U.K., and his second wife, actress Jill Balcon. His maternal grandfather was Sir Michael Balcon, an important figure in the history of British cinema and ...                "
" Robert De Niro","https://m.media-amazon.com/images/M/MV5BMjAwNDU3MzcyOV5BMl5BanBnXkFtZTcwMjc0MTIxMw@@._V1_UY209_CR9,0,140,209_AL_.jpg","https://www.imdb.com/name/nm0000134?ref_=nmls_hd","One of the greatest actors of all time, Robert De Niro was born on August 17, 1943 in Manhattan, New York City, to artists Virginia (Admiral) and Robert De Niro Sr. His paternal grandfather was of Italian descent, and his other ancestry is Irish, English, Dutch, German, and French. He was trained ...                "
" Al Pacino","https://m.media-amazon.com/images/M/MV5BMTQzMzg1ODAyNl5BMl5BanBnXkFtZTYwMjAxODQ1._V1_UX140_CR0,0,140,209_AL_.jpg","https://www.imdb.com/name/nm0000199?ref_=nmls_hd","Alfredo James ""Al"" 'Pacino established himself as a film actor during one of cinema's most vibrant decades, the 1970s, and has become an enduring and iconic figure in the world of American movies.He was born April 25, 1940 in Manhattan, New York City, to Italian-American parents, Rose (nee Gerardi)...                "
" Dustin Hoffman","https://m.media-amazon.com/images/M/MV5BMTc3NzU0ODczMF5BMl5BanBnXkFtZTcwODEyMDY5Mg@@._V1_UY209_CR8,0,140,209_AL_.jpg","https://www.imdb.com/name/nm0000163?ref_=nmls_hd","Dustin Lee Hoffman was born in Los Angeles, California, to Lillian (Gold) and Harry Hoffman, who was a furniture salesman and prop supervisor for Columbia Pictures. He was raised in a Jewish family (from Ukraine, Russia-Poland, and Romania). Hoffman graduated from Los Angeles High School in 1955, ...                "
" Tom Hanks","https://m.media-amazon.com/images/M/MV5BMTQ2MjMwNDA3Nl5BMl5BanBnXkFtZTcwMTA2NDY3NQ@@._V1_UY209_CR2,0,140,209_AL_.jpg","https://www.imdb.com/name/nm0000158?ref_=nmls_hd","Thomas Jeffrey Hanks was born in Concord, California, to Janet Marylyn (Frager), a hospital worker, and Amos Mefford Hanks, an itinerant cook. His mother's family, originally surnamed ""Fraga"", was entirely Portuguese, while his father was of mostly English ancestry. Tom grew up in what he has ...                "
" Brad Pitt","https://m.media-amazon.com/images/M/MV5BMjA1MjE2MTQ2MV5BMl5BanBnXkFtZTcwMjE5MDY0Nw@@._V1_UX140_CR0,0,140,209_AL_.jpg","https://www.imdb.com/name/nm0000093?ref_=nmls_hd","An actor and producer known as much for his versatility as he is for his handsome face, Golden Globe-winner Brad Pitt's most widely recognized role may be Tyler Durden in Mo'adon Krav (1999). However, his portrayals of Billy Beane in Moneyball (2011), and Rusty Ryan in the remake of Ocean's Eleven ...                "
" Anthony Hopkins","https://m.media-amazon.com/images/M/MV5BMTg5ODk1NTc5Ml5BMl5BanBnXkFtZTYwMjAwOTI4._V1_UY209_CR5,0,140,209_AL_.jpg","https://www.imdb.com/name/nm0000164?ref_=nmls_hd","Anthony Hopkins was born on December 31, 1937, in Margam, Wales, to Muriel Anne (Yeats) and Richard Arthur Hopkins, a baker. His parents were both of half Welsh and half English descent. Influenced by Richard Burton, he decided to study at College of Music and Drama and graduated in 1957. In 1965, ...                "
" Marlon Brando","https://m.media-amazon.com/images/M/MV5BMTg3MDYyMDE5OF5BMl5BanBnXkFtZTcwNjgyNTEzNA@@._V1_UY209_CR65,0,140,209_AL_.jpg","https://www.imdb.com/name/nm0000008?ref_=nmls_hd","Marlon Brando is widely considered the greatest movie actor of all time, rivaled only by the more theatrically oriented Laurence Olivier in terms of esteem. Unlike Olivier, who preferred the stage to the screen, Brando concentrated his talents on movies after bidding the Broadway stage adieu in ...                "
" Jeremy Irons","https://m.media-amazon.com/images/M/MV5BMTY5Mzg2NDY5OV5BMl5BanBnXkFtZTcwMDQwNzA0Mg@@._V1_UY209_CR9,0,140,209_AL_.jpg","https://www.imdb.com/name/nm0000460?ref_=nmls_hd","British actor Jeremy Irons was born in Cowes, Isle of Wight, a small island off the south coast of England. He is the son of Barbara Anne Brereton (Sharpe) and Paul Dugan Irons, an accountant. Young Jeremy didn't prove very fond of figures. He visited mainland England only once a year. He wound up ...                "
" Denzel Washington","https://m.media-amazon.com/images/M/MV5BMjE5NDU2Mzc3MV5BMl5BanBnXkFtZTcwNjAwNTE5OQ@@._V1_UY209_CR8,0,140,209_AL_.jpg","https://www.imdb.com/name/nm0000243?ref_=nmls_hd","Denzel Hayes Washington, Jr. was born on December 28, 1954 in Mount Vernon, New York. He is the middle of three children of a beautician mother, Lennis, from Georgia, and a Pentecostal minister father, Denzel Washington, Sr., from Virginia. After graduating from high school, Denzel enrolled at ...                "
" Gene Hackman","https://m.media-amazon.com/images/M/MV5BMTE5Njk0NDQ4OV5BMl5BanBnXkFtZTYwNjA0Mzc1._V1_UY209_CR1,0,140,209_AL_.jpg","https://www.imdb.com/name/nm0000432?ref_=nmls_hd","Eugene Allen Hackman was born in San Bernardino, California, the son of Anna Lyda Elizabeth (Gray) and Eugene Ezra Hackman, who operated a newspaper printing press. He is of Pennsylvania Dutch (German), English, and Scottish ancestry, partly by way of Canada, where his mother was born. After ...                "
" Jeff Bridges","https://m.media-amazon.com/images/M/MV5BNTU1NjM4MDYzMl5BMl5BanBnXkFtZTcwMjIwMjMyMw@@._V1_UY209_CR8,0,140,209_AL_.jpg","https://www.imdb.com/name/nm0000313?ref_=nmls_hd","Jeffrey Leon Bridges was born on December 4, 1949 in Los Angeles, California, the son of well-known film and TV star Lloyd Bridges and his long-time wife Dorothy Dean Bridges (née Simpson). He grew up amid the happening Hollywood scene with big brother Beau Bridges. Both boys popped up, without ...                "
" Tim Robbins","https://m.media-amazon.com/images/M/MV5BMTI1OTYxNzAxOF5BMl5BanBnXkFtZTYwNTE5ODI4._V1_UY209_CR11,0,140,209_AL_.jpg","https://www.imdb.com/name/nm0000209?ref_=nmls_hd","Born in West Covina, California, but raised in New York City, Tim Robbins is the son of former The Highwaymen singer Gil Robbins and actress Mary Robbins (née Bledsoe). Robbins studied drama at UCLA, where he graduated with honors in 1981. That same year, he formed the Actors' Gang theater group, ...                "
" Henry Fonda","https://m.media-amazon.com/images/M/MV5BOTEwNjQ2ODQ4Nl5BMl5BanBnXkFtZTYwMzEwMTM2._V1_UY209_CR13,0,140,209_AL_.jpg","https://www.imdb.com/name/nm0000020?ref_=nmls_hd","Born in Grand Island, Nebraska, Henry Fonda started his acting debut with the Omaha Community Playhouse, a local amateur theater troupe directed by Dorothy Brando. He moved to the Cape Cod University Players and later Broadway, New York to expand his theatrical career from 1926 to 1934. His first ...                "
" William Hurt","https://m.media-amazon.com/images/M/MV5BMjEyNzA5MTUxN15BMl5BanBnXkFtZTcwMTU3ODQ3MQ@@._V1_UY209_CR2,0,140,209_AL_.jpg","https://www.imdb.com/name/nm0000458?ref_=nmls_hd","William McChord Hurt was born in Washington, D.C., to Claire Isabel (McGill) and Alfred McChord Hurt, who worked at the State Department. He was trained at Tufts University and The Juilliard School and has been nominated for four Academy Awards, including the most recent nomination for his ...                "
" Kevin Costner","https://m.media-amazon.com/images/M/MV5BMTY1ODkwMTQxOF5BMl5BanBnXkFtZTcwNzkwNDcyMw@@._V1_UX140_CR0,0,140,209_AL_.jpg","https://www.imdb.com/name/nm0000126?ref_=nmls_hd","Kevin Michael Costner was born on January 18, 1955 in Lynwood, California, the third child of Bill Costner, a ditch digger and ultimately an electric line servicer for Southern California Edison, and Sharon Costner (née Tedrick), a welfare worker. His older brother, Dan, was born in 1950. A middle ...                "
" Clint Eastwood","https://m.media-amazon.com/images/M/MV5BMTg3MDc0MjY0OV5BMl5BanBnXkFtZTcwNzU1MDAxOA@@._V1_UY209_CR7,0,140,209_AL_.jpg","https://www.imdb.com/name/nm0000142?ref_=nmls_hd","Clint Eastwood was born May 31, 1930 in San Francisco, the son of Clinton Eastwood Sr., a bond salesman and later manufacturing executive for Georgia-Pacific Corporation, and Ruth Wood, a housewife turned IBM operator. He had a comfortable, middle-class upbringing in nearby Piedmont. At school ...                "
" Leonardo DiCaprio","https://m.media-amazon.com/images/M/MV5BMjI0MTg3MzI0M15BMl5BanBnXkFtZTcwMzQyODU2Mw@@._V1_UY209_CR7,0,140,209_AL_.jpg","https://www.imdb.com/name/nm0000138?ref_=nmls_hd","Few actors in the world have had a career quite as diverse as Leonardo DiCaprio's. DiCaprio has gone from relatively humble beginnings, as a supporting cast member of the sitcom Growing Pains (1985) and low budget horror movies, such as Critters 3 (1991), to a major teenage heartthrob in the 1990s,...                "
" Mel Gibson","https://m.media-amazon.com/images/M/MV5BNTUzOTMwNTM0OV5BMl5BanBnXkFtZTcwNDQwMTUxMw@@._V1_UY209_CR6,0,140,209_AL_.jpg","https://www.imdb.com/name/nm0000154?ref_=nmls_hd","Mel Columcille Gerard Gibson was born January 3, 1956 in Peekskill, New York, USA, as the sixth of eleven children of Hutton Gibson, a railroad brakeman, and Anne Patricia (Reilly) Gibson (who died in December of 1990). His mother was Irish, from County Longford, while his American-born father is ...                "
" Robert Duvall","https://m.media-amazon.com/images/M/MV5BMjk1MjA2Mjc2MF5BMl5BanBnXkFtZTcwOTE4MTUwMg@@._V1_UY209_CR4,0,140,209_AL_.jpg","https://www.imdb.com/name/nm0000380?ref_=nmls_hd","Veteran actor and director Robert Selden Duvall was born on January 5, 1931, in San Diego, CA, to Mildred Virginia (Hart), an amateur actress, and William Howard Duvall, a career military officer who later became an admiral. Duvall majored in drama at Principia College (Elsah, IL), then served a ...                "
" Samuel L. Jackson","https://m.media-amazon.com/images/M/MV5BMTQ1NTQwMTYxNl5BMl5BanBnXkFtZTYwMjA1MzY1._V1_UX140_CR0,0,140,209_AL_.jpg","https://www.imdb.com/name/nm0000168?ref_=nmls_hd","Samuel L. Jackson is an American producer and highly prolific actor, having appeared in over 100 films, including Die Hard: With a Vengeance (1995), Bilti Shavir (2000), Shaft (2000), The 51st State (2001), Black Snake Moan (2006), Snakes on a Plane (2006), and the Star Wars prequel trilogy (1999-...                "
" Tommy Lee Jones","https://m.media-amazon.com/images/M/MV5BMTkyNjc4MDc0OV5BMl5BanBnXkFtZTcwOTc5OTUwOQ@@._V1_UX140_CR0,0,140,209_AL_.jpg","https://www.imdb.com/name/nm0000169?ref_=nmls_hd","Tommy Lee Jones was born in San Saba, Texas, the son of Lucille Marie (Scott), a police officer and beauty shop owner, and Clyde C. Jones, who worked on oil fields. Tommy himself worked in underwater construction and on an oil rig. He attended St. Mark's School of Texas, a prestigious prep school ...                "
" Kevin Spacey","https://m.media-amazon.com/images/M/MV5BMTY1NzMyODc3Nl5BMl5BanBnXkFtZTgwNzE2MzA1NDM@._V1_UY209_CR58,0,140,209_AL_.jpg","https://www.imdb.com/name/nm0000228?ref_=nmls_hd","Kevin Spacey Fowler, better known by his stage name Kevin Spacey, is an American actor of screen and stage, film director, producer, screenwriter and singer. He began his career as a stage actor during the 1980s before obtaining supporting roles in film and television. He gained critical acclaim in...                "
" Nicolas Cage","https://m.media-amazon.com/images/M/MV5BMjUxMjE4MTQxMF5BMl5BanBnXkFtZTcwNzc2MDM1NA@@._V1_UY209_CR6,0,140,209_AL_.jpg","https://www.imdb.com/name/nm0000115?ref_=nmls_hd","Nicolas Cage was born Nicolas Kim Coppola in Long Beach, California, the son of comparative literature professor August Coppola (whose brother is director Francis Ford Coppola) and dancer/choreographer Joy Vogelsang. He is of Italian (father) and Polish and German (mother) descent. Cage changed his...                "
" Kevin Kline","https://m.media-amazon.com/images/M/MV5BMTMxMjcxMzMzMV5BMl5BanBnXkFtZTcwNjQzOTQ4Mg@@._V1_UX140_CR0,0,140,209_AL_.jpg","https://www.imdb.com/name/nm0000177?ref_=nmls_hd","Kevin Kline was born in St. Louis, Missouri, to Margaret and Robert Joseph Kline, who owned several stores. His father was of German Jewish descent and his mother was of Irish ancestry. After attending Indiana University in Bloomington, Kline studied at the Juilliard School in New York. In 1972, ...                "
" Morgan Freeman","https://m.media-amazon.com/images/M/MV5BMTc0MDMyMzI2OF5BMl5BanBnXkFtZTcwMzM2OTk1MQ@@._V1_UX140_CR0,0,140,209_AL_.jpg","https://www.imdb.com/name/nm0000151?ref_=nmls_hd","With an authoritative voice and calm demeanor, this ever popular American actor has grown into one of the most respected figures in modern US cinema. Morgan was born on June 1, 1937 in Memphis, Tennessee, to Mayme Edna (Revere), a teacher, and Morgan Porterfield Freeman, a barber. The young Freeman...                "
" Michael Caine","https://m.media-amazon.com/images/M/MV5BMjAwNzIwNTQ4Ml5BMl5BanBnXkFtZTYwMzE1MTUz._V1_UY209_CR5,0,140,209_AL_.jpg","https://www.imdb.com/name/nm0000323?ref_=nmls_hd","Michael Caine was born Maurice Joseph Micklewhite in London, to Ellen Frances Marie (Burchell), a charlady, and Maurice Joseph Micklewhite, a fish-market porter. He left school at age 15 and took a series of working-class jobs before joining the British army and serving in Korea during the Korean ...                "
" Russell Crowe","https://m.media-amazon.com/images/M/MV5BMTQyMTExNTMxOF5BMl5BanBnXkFtZTcwNDg1NzkzNw@@._V1_UX140_CR0,0,140,209_AL_.jpg","https://www.imdb.com/name/nm0000128?ref_=nmls_hd","Russell Ira Crowe was born in Wellington, New Zealand, to Jocelyn Yvonne (Wemyss) and John Alexander Crowe, both of whom catered movie sets. His maternal grandfather, Stanley Wemyss, was a cinematographer. Crowe's recent ancestry includes Welsh (where his paternal grandfather was born, in Wrexham),...                "
" Bruce Willis","https://m.media-amazon.com/images/M/MV5BMjA0MjMzMTE5OF5BMl5BanBnXkFtZTcwMzQ2ODE3Mw@@._V1_UY209_CR19,0,140,209_AL_.jpg","https://www.imdb.com/name/nm0000246?ref_=nmls_hd","Actor and musician Bruce Willis is well known for playing wisecracking or hard-edged characters, often in spectacular action films. Collectively, he has appeared in films that have grossed in excess of $2.5 billion USD, placing him in the top ten stars in terms of box office receipts.Walter Bruce ...                "
" Johnny Depp","https://m.media-amazon.com/images/M/MV5BMTM0ODU5Nzk2OV5BMl5BanBnXkFtZTcwMzI2ODgyNQ@@._V1_UY209_CR3,0,140,209_AL_.jpg","https://www.imdb.com/name/nm0000136?ref_=nmls_hd","Johnny Depp is perhaps one of the most versatile actors of his day and age in Hollywood.He was born John Christopher Depp II in Owensboro, Kentucky, on June 9, 1963, to Betty Sue (Wells), who worked as a waitress, and John Christopher Depp, a civil engineer.Depp was raised in Florida. He dropped ...                "
" Ben Kingsley","https://m.media-amazon.com/images/M/MV5BOTU2Njg2NzM4M15BMl5BanBnXkFtZTgwNjYwNjQwMTI@._V1_UY209_CR7,0,140,209_AL_.jpg","https://www.imdb.com/name/nm0001426?ref_=nmls_hd","Ben Kingsley was born Krishna Bhanji on December 31, 1943 in Scarborough, Yorkshire, England. His father, Rahimtulla Harji Bhanji, was a Kenyan-born medical doctor, of Gujarati Indian descent, and his mother, Anna Lyna Mary (Goodman), was an English actress. Ben began to act in stage plays during ...                "
" Steve McQueen","https://m.media-amazon.com/images/M/MV5BMTQ3Mjk2MTU1MV5BMl5BanBnXkFtZTcwMTA5MTkzNA@@._V1_UY209_CR16,0,140,209_AL_.jpg","https://www.imdb.com/name/nm0000537?ref_=nmls_hd","He was the ultra-cool male film star of the 1960s, and rose from a troubled youth spent in reform schools to being the world's most popular actor. Over 40 years after his untimely death from mesothelioma in 1980, Steve McQueen is still considered hip and cool, and he endures as an icon of popular ...                "
" Tom Cruise","https://m.media-amazon.com/images/M/MV5BMTk1MjM3NTU5M15BMl5BanBnXkFtZTcwMTMyMjAyMg@@._V1_UY209_CR9,0,140,209_AL_.jpg","https://www.imdb.com/name/nm0000129?ref_=nmls_hd","In 1976, if you had told fourteen-year-old Franciscan seminary student Thomas Cruise Mapother IV that one day in the not too distant future he would be Tom Cruise, one of the top 100 movie stars of all time, he would have probably grinned and told you that his ambition was to join the priesthood. ...                "
" Heath Ledger","https://m.media-amazon.com/images/M/MV5BMTI2NTY0NzA4MF5BMl5BanBnXkFtZTYwMjE1MDE0._V1_UX140_CR0,0,140,209_AL_.jpg","https://www.imdb.com/name/nm0005132?ref_=nmls_hd","When hunky, twenty-year-old heart-throb Heath Ledger first came to the attention of the public in 1999, it was all too easy to tag him as a ""pretty boy"" and an actor of little depth. He spent several years trying desperately to sway this image, but this was a double-edged sword. His work comprised ...                "
" Philip Seymour Hoffman","https://m.media-amazon.com/images/M/MV5BMTQ0NTA1NTg3Ml5BMl5BanBnXkFtZTcwNzkxNzgxNw@@._V1_UY209_CR5,0,140,209_AL_.jpg","https://www.imdb.com/name/nm0000450?ref_=nmls_hd","Film and stage actor and theater director Philip Seymour Hoffman was born in the Rochester, New York, suburb of Fairport on July 23, 1967. He was the son of Marilyn (Loucks), a lawyer and judge, and Gordon Stowell Hoffman, a Xerox employee, and was mostly of German, Irish, English and Dutch ...                "
" John Malkovich","https://m.media-amazon.com/images/M/MV5BMTcwMDM5ODUwOF5BMl5BanBnXkFtZTYwMzEwOTI4._V1_UY209_CR9,0,140,209_AL_.jpg","https://www.imdb.com/name/nm0000518?ref_=nmls_hd","John Gavin Malkovich was born in Christopher, Illinois, to Joe Anne (Choisser), who owned a local newspaper, and Daniel Leon Malkovich, a state conservation director. His paternal grandparents were Croatian. In 1976, Malkovich joined Chicago's Steppenwolf Theatre, newly founded by his friend Gary ...                "
" Christian Bale","https://m.media-amazon.com/images/M/MV5BMTkxMzk4MjQ4MF5BMl5BanBnXkFtZTcwMzExODQxOA@@._V1_UX140_CR0,0,140,209_AL_.jpg","https://www.imdb.com/name/nm0000288?ref_=nmls_hd","Christian Charles Philip Bale was born in Pembrokeshire, Wales, UK on January 30, 1974, to English parents Jennifer ""Jenny"" (James) and David Bale. His mother was a circus performer and his father, who was born in South Africa, was a commercial pilot. The family lived in different countries ...                "
" Richard Dreyfuss","https://m.media-amazon.com/images/M/MV5BMTUzMjIzMjM2NV5BMl5BanBnXkFtZTcwNDAxMDY0Mg@@._V1_UY209_CR3,0,140,209_AL_.jpg","https://www.imdb.com/name/nm0000377?ref_=nmls_hd","Richard Dreyfuss is an American leading man, who has played his fair share of irritating pests and brash, ambitious hustlers.He was born Richard Stephen Dreyfus in Brooklyn, New York, to Geraldine (Robbins), an activist, and Norman Dreyfus, a restaurateur and attorney. His paternal grandparents ...                "
" Jason Robards","https://m.media-amazon.com/images/M/MV5BMTk5NDI3NDM4Nl5BMl5BanBnXkFtZTYwMjEwNjM2._V1_UY209_CR15,0,140,209_AL_.jpg","https://www.imdb.com/name/nm0001673?ref_=nmls_hd","Powerful and highly respected American actor Jason Nelson Robards, Jr. was born in Chicago, Illinois, to Hope Maxine (Glanville) and stage and film star Jason Robards Sr. He had Swedish, English, Welsh, German, and Irish ancestry. Robards was raised mostly in Los Angeles. A star athlete at ...                "
" Colin Firth","https://m.media-amazon.com/images/M/MV5BMTUxMDMwMTI4MF5BMl5BanBnXkFtZTcwMzE2MzQxMw@@._V1_UY209_CR5,0,140,209_AL_.jpg","https://www.imdb.com/name/nm0000147?ref_=nmls_hd","Colin Andrew Firth was born into an academic family in Grayshott, Hampshire, England. His mother, Shirley Jean (Rolles), was a comparative religion lecturer at the Open University, and his father, David Norman Lewis Firth, lectured on history at Winchester University College (formerly King Alfred's...                "
" George Clooney","https://m.media-amazon.com/images/M/MV5BMjEyMTEyOTQ0MV5BMl5BanBnXkFtZTcwNzU3NTMzNw@@._V1_UY209_CR7,0,140,209_AL_.jpg","https://www.imdb.com/name/nm0000123?ref_=nmls_hd","George Timothy Clooney was born on May 6, 1961, in Lexington, Kentucky, to Nina Bruce (née Warren), a former beauty pageant queen, and Nick Clooney, a former anchorman and television host (who was also the brother of singer Rosemary Clooney). He has English, German and Irish ancestry. Clooney spent...                "
" Edward Norton","https://m.media-amazon.com/images/M/MV5BMTYwNjQ5MTI1NF5BMl5BanBnXkFtZTcwMzU5MTI2Mw@@._V1_UY209_CR11,0,140,209_AL_.jpg","https://www.imdb.com/name/nm0001570?ref_=nmls_hd","American actor, filmmaker and activist Edward Harrison Norton was born on August 18, 1969, in Boston, Massachusetts, and was raised in Columbia, Maryland.His mother, Lydia Robinson ""Robin"" (Rouse), was a foundation executive and teacher of English, and a daughter of famed real estate developer ...                "
" Sean Connery","https://m.media-amazon.com/images/M/MV5BMzcwNTM4MzctYjQzMi00NTA2LTljYWItNTYzNmE1MTYxN2RlXkEyXkFqcGdeQXVyMDI2NDg0NQ@@._V1_UY209_CR11,0,140,209_AL_.jpg","https://www.imdb.com/name/nm0000125?ref_=nmls_hd","The tall, handsome and muscular Scottish actor Sean Connery is best known as the original actor to portray James Bond in the hugely successful movie franchise, starring in seven films between 1962 and 1983. Some believed that such a career-defining role might leave him unable to escape it, but he ...                "
" Yves Montand","https://m.media-amazon.com/images/M/MV5BMTQ4NDgwMDcyMl5BMl5BanBnXkFtZTYwODA3MjI2._V1_UY209_CR13,0,140,209_AL_.jpg","https://www.imdb.com/name/nm0598971?ref_=nmls_hd","Yves Montand was born on October 13, 1921 in Monsummano Terme, Tuscany, Italy as Ivo Livi. He is known for his work on Jean de Florette (1986), Le salaire de la peur (1953) and Z (1969). He was married to Simone Signoret. He died on November 9, 1991 in Senlis, Oise, France.                "
" Richard Gere","https://m.media-amazon.com/images/M/MV5BMTI2NDQ2OTY4M15BMl5BanBnXkFtZTYwNTYyNjc4._V1_UY209_CR3,0,140,209_AL_.jpg","https://www.imdb.com/name/nm0000152?ref_=nmls_hd","Humanitarian and actor Richard Gere was born on August 31, 1949, in Philadelphia, the second of five children of Doris Ann (Tiffany), a homemaker, and Homer George Gere, an insurance salesman, both Mayflower descendants. Richard started early as a musician, playing a number of instruments in high ...                "
" Gary Oldman","https://m.media-amazon.com/images/M/MV5BMTc3NTM4MzQ5MV5BMl5BanBnXkFtZTcwOTE4MDczNw@@._V1_UY209_CR1,0,140,209_AL_.jpg","https://www.imdb.com/name/nm0000198?ref_=nmls_hd","Gary Oldman is a talented English movie star and character actor, renowned for his expressive acting style. One of the most celebrated thespians of his generation, with a diverse career encompassing theatre, film and television, he is known for his roles as Sid Vicious in Sid and Nancy (1986), ...                "
" Harrison Ford","https://m.media-amazon.com/images/M/MV5BMTY4Mjg0NjIxOV5BMl5BanBnXkFtZTcwMTM2NTI3MQ@@._V1_UY209_CR0,0,140,209_AL_.jpg","https://www.imdb.com/name/nm0000148?ref_=nmls_hd","Harrison Ford was born on July 13, 1942 in Chicago, Illinois, to Dorothy (Nidelman), a radio actress, and Christopher Ford (born John William Ford), an actor turned advertising executive. His father was of Irish and German ancestry, while his maternal grandparents were Jewish emigrants from Minsk, ...                "
" Matt Damon","https://m.media-amazon.com/images/M/MV5BMTM0NzYzNDgxMl5BMl5BanBnXkFtZTcwMDg2MTMyMw@@._V1_UY209_CR8,0,140,209_AL_.jpg","https://www.imdb.com/name/nm0000354?ref_=nmls_hd","Matthew Paige Damon was born on October 8, 1970, in Boston, Massachusetts, to Kent Damon, a stockbroker, realtor and tax preparer, and Nancy Carlsson-Paige, an early childhood education professor at Lesley University. Matt has an older brother, Kyle, a sculptor. His father was of English and ...                "
" John Gielgud","https://m.media-amazon.com/images/M/MV5BMTU4ODc4Mzk1OV5BMl5BanBnXkFtZTYwNDQ0MjQ2._V1_UY209_CR9,0,140,209_AL_.jpg","https://www.imdb.com/name/nm0000024?ref_=nmls_hd","Born in London, England, John Gielgud trained at Lady Benson's Acting School and RADA, London. Best known for his Shakespearean roles in the theater, he first played Hamlet at the age of 26. He worked under the tutelage of Lilian Bayliss with friend and fellow performer Laurence Olivier and other ...                "
" Joe Pesci","https://m.media-amazon.com/images/M/MV5BMzc3MTcxNDYxNV5BMl5BanBnXkFtZTcwOTI3NjE1Mw@@._V1_UX140_CR0,0,140,209_AL_.jpg","https://www.imdb.com/name/nm0000582?ref_=nmls_hd","Compact Italian-American actor Joe Pesci was born February 9, 1943 in Newark, New Jersey, to Mary (Mesce), a part-time barber, and Angelo Pesci, a bartender and forklift driver. Pesci first broke into entertainment as a child actor, and by the mid-1950s, was starring on the series ""Star Time Kids""....                "
" Paul Newman","https://m.media-amazon.com/images/M/MV5BODUwMDYwNDg3N15BMl5BanBnXkFtZTcwODEzNTgxMw@@._V1_UY209_CR15,0,140,209_AL_.jpg","https://www.imdb.com/name/nm0000056?ref_=nmls_hd","Screen legend, superstar, and the man with the most famous blue eyes in movie history, Paul Leonard Newman was born on January 26, 1925, in Cleveland, Ohio, the second son of Arthur Sigmund Newman (died 1950) and Theresa Fetsko (died 1982). His elder brother was Arthur S. Newman Jr., named for ...                "
" Woody Harrelson","https://m.media-amazon.com/images/M/MV5BMTU3NDc2ODc4MF5BMl5BanBnXkFtZTcwODk2MzAyMg@@._V1_UY209_CR1,0,140,209_AL_.jpg","https://www.imdb.com/name/nm0000437?ref_=nmls_hd","Academy Award-nominated and Emmy Award-winning actor Woodrow Tracy Harrelson was born on July 23, 1961 in Midland, Texas, to Diane Lou (Oswald) and Charles Harrelson. He grew up in Lebanon, Ohio, where his mother was from. After receiving degrees in theater arts and English from Hanover College, he...                "
" John Hurt","https://m.media-amazon.com/images/M/MV5BMTM1NTgyMTAyOV5BMl5BanBnXkFtZTcwMTE4MjQwNA@@._V1_UY209_CR4,0,140,209_AL_.jpg","https://www.imdb.com/name/nm0000457?ref_=nmls_hd","One of stage, screen and TV's finest transatlantic talents, slight, gravel-voiced, pasty-looking John Vincent Hurt was born on January 22, 1940, in Shirebrook, a coal mining village, in Derbyshire, England. The youngest child of Phyllis (Massey), an engineer and one-time actress, and Reverend ...                "
" Sean Penn","https://m.media-amazon.com/images/M/MV5BMTc1NjMzMjY3NF5BMl5BanBnXkFtZTcwMzkxNjQzMg@@._V1_UY209_CR1,0,140,209_AL_.jpg","https://www.imdb.com/name/nm0000576?ref_=nmls_hd","Sean Penn is a powerhouse film performer capable of intensely moving work, who has gone from strength to strength during a colourful film career, and who has drawn much media attention for his stormy private life and political viewpoints.Sean Justin Penn was born in Los Angeles, California, the ...                "
" Christopher Walken","https://m.media-amazon.com/images/M/MV5BMjA4ODUyNDQ2NV5BMl5BanBnXkFtZTYwODk2MTYz._V1_UY209_CR2,0,140,209_AL_.jpg","https://www.imdb.com/name/nm0000686?ref_=nmls_hd","Nervous-looking lead and supporting actor of the American stage and films, with sandy colored hair, pale complexion and a somewhat nervous disposition. He won an Oscar as Best Supporting Actor for his performance in The Deer Hunter (1978), and has been seen in mostly character roles, often ...                "
" Mickey Rourke","https://m.media-amazon.com/images/M/MV5BMTM0MzYwNDA2MF5BMl5BanBnXkFtZTcwNDYzMjg4Mw@@._V1_UY209_CR3,0,140,209_AL_.jpg","https://www.imdb.com/name/nm0000620?ref_=nmls_hd","Mickey Rourke was born Phillip Andre Rourke, Jr. on September 16, 1952, in Schenectady, New York, the son of Annette (Cameron) and Phillip Andre Rourke. His father was of Irish and German descent, and his mother was of French-Canadian, English, and German ancestry. When he was six years old, his ...                "
" Peter O'Toole","https://m.media-amazon.com/images/M/MV5BMjA0MDYyNzczN15BMl5BanBnXkFtZTYwNjMzNjMz._V1_UY209_CR2,0,140,209_AL_.jpg","https://www.imdb.com/name/nm0000564?ref_=nmls_hd","A leading man of prodigious talents, Peter O'Toole was raised in Leeds, Yorkshire, England, the son of Constance Jane Eliot (Ferguson), a Scottish nurse, and Patrick Joseph O'Toole, an Irish metal plater, football player and racecourse bookmaker. Upon leaving school, he decided to become a ...                "
" Michael Douglas","https://m.media-amazon.com/images/M/MV5BMTQ3NzMzOTQ3MF5BMl5BanBnXkFtZTcwOTE0MzY1Mw@@._V1_UY209_CR9,0,140,209_AL_.jpg","https://www.imdb.com/name/nm0000140?ref_=nmls_hd","An actor with over fifty years of experience in theatre, film, and television, Michael Douglas branched out into independent feature production in 1975 with the Academy Award-winning Ken Ha-Cookiya (1975). Since then, as a producer and as an actor-producer, he has shown an uncanny knack for ...                "
" Willem Dafoe","https://m.media-amazon.com/images/M/MV5BOWU4MTI2OTctODQ1ZS00MGM1LWJkM2EtODE3MGNkNmIyZDEwXkEyXkFqcGdeQXVyMjQwMDg0Ng@@._V1_UY209_CR13,0,140,209_AL_.jpg","https://www.imdb.com/name/nm0000353?ref_=nmls_hd","Having made over one hundred films in his legendary career, Willem Dafoe is internationally respected for bringing versatility, boldness, and daring to some of the most iconic films of our time. His artistic curiosity in exploring the human condition leads him to projects all over the world, large ...                "
" Charlton Heston","https://m.media-amazon.com/images/M/MV5BMTcxMDg1MjYzMV5BMl5BanBnXkFtZTYwMDMxOTE2._V1_UX140_CR0,0,140,209_AL_.jpg","https://www.imdb.com/name/nm0000032?ref_=nmls_hd","With features chiseled in stone, and renowned for playing a long list of historical figures, particularly in Biblical epics, the tall, well built and ruggedly handsome Charlton Heston was one of Hollywood's greatest leading men and remained active in front of movie cameras for over sixty years. As ...                "
" Forest Whitaker","https://m.media-amazon.com/images/M/MV5BMTQzMDI3NTg2OV5BMl5BanBnXkFtZTcwNTgwMzg5Mg@@._V1_UY209_CR9,0,140,209_AL_.jpg","https://www.imdb.com/name/nm0001845?ref_=nmls_hd","Forest Steven Whitaker has packaged a king-size talent into his hulking 6' 2"", 220 lb. frame. He won an Academy Award for his performance as Ugandan dictator Idi Amin in the film Ha'meleh ha'aharon shel Scotland (2006), and has also won a Golden Globe and a BAFTA. He is the fourth African-American ...                "
" James Coburn","https://m.media-amazon.com/images/M/MV5BMTMyNTg3Njg4M15BMl5BanBnXkFtZTcwOTI1ODE1NA@@._V1_UY209_CR27,0,140,209_AL_.jpg","https://www.imdb.com/name/nm0000336?ref_=nmls_hd","Lanky, charismatic and versatile actor with an amazing grin that put everyone at ease, James Coburn studied acting at UCLA, and then moved to New York to study under noted acting coach Stella Adler. After being noticed in several stage productions, Coburn appeared in a handful of minor westerns ...                "
" Liam Neeson","https://m.media-amazon.com/images/M/MV5BMjA1MTQ3NzU1MV5BMl5BanBnXkFtZTgwMDE3Mjg0MzE@._V1_UY209_CR35,0,140,209_AL_.jpg","https://www.imdb.com/name/nm0000553?ref_=nmls_hd","Liam Neeson was born on June 7, 1952 in Ballymena, Northern Ireland, to Katherine (Brown), a cook, and Bernard Neeson, a school caretaker. He was raised in a Catholic household. During his early years, Liam worked as a forklift operator for Guinness, a truck driver, an assistant architect and an ...                "
" Will Smith","https://m.media-amazon.com/images/M/MV5BNTczMzk1MjU1MV5BMl5BanBnXkFtZTcwNDk2MzAyMg@@._V1_UY209_CR2,0,140,209_AL_.jpg","https://www.imdb.com/name/nm0000226?ref_=nmls_hd","Willard Carroll ""Will"" Smith, Jr. (born September 25, 1968) is an American actor, comedian, producer, rapper, and songwriter. He has enjoyed success in television, film, and music. In April 2007, Newsweek called him ""the most powerful actor in Hollywood"". Smith has been nominated for five Golden ...                "
" Robin Williams","https://m.media-amazon.com/images/M/MV5BNTYzMjc2Mjg4MF5BMl5BanBnXkFtZTcwODc1OTQwNw@@._V1_UX140_CR0,0,140,209_AL_.jpg","https://www.imdb.com/name/nm0000245?ref_=nmls_hd","Robin McLaurin Williams was born on Saturday, July 21st, 1951, in Chicago, Illinois, a great-great-grandson of Mississippi Governor and Senator, Anselm J. McLaurin. His mother, Laurie McLaurin (née Janin), was a former model from Mississippi, and his father, Robert Fitzgerald Williams, was a Ford ...                "
" Keanu Reeves","https://m.media-amazon.com/images/M/MV5BNmNlNGU0ZDgtMDg3MS00ZGZmLTg4ZjMtYjMyZjVmNzlhNWIwXkEyXkFqcGdeQXVyMTE1MTYxNDAw._V1_UY209_CR34,0,140,209_AL_.jpg","https://www.imdb.com/name/nm0000206?ref_=nmls_hd","Keanu Charles Reeves, whose first name means ""cool breeze over the mountains"" in Hawaiian, was born September 2, 1964 in Beirut, Lebanon. He is the son of Patricia Taylor, a showgirl and costume designer, and Samuel Nowlin Reeves, a geologist. Keanu's father was born in Hawaii, of British, ...                "
" Harvey Keitel","https://m.media-amazon.com/images/M/MV5BMTcxMDcxMjgxOV5BMl5BanBnXkFtZTcwODc2NTk2MQ@@._V1_UY209_CR3,0,140,209_AL_.jpg","https://www.imdb.com/name/nm0000172?ref_=nmls_hd","American actor and producer Harvey Keitel was born on May 13, 1939 in Brooklyn, New York City, to Miriam (Klein) and Harry Keitel. An Oscar and Golden Globe Award nominee, he has appeared in films such as Martin Scorsese's Mean Streets (1973) and Taxi Driver (1976), Ridley Scott's The Duellists (...                "
" Michael Madsen","https://m.media-amazon.com/images/M/MV5BMTI4ODA5NzY2N15BMl5BanBnXkFtZTYwNjc3NTI1._V1_UY209_CR4,0,140,209_AL_.jpg","https://www.imdb.com/name/nm0000514?ref_=nmls_hd","Michael Madsen's long career spans nearly 40 years and more than 170 films in which he has played memorable characters in myriad box office hits, including: Kill Bill: Vol. 1 (2003), Kill Bill: Vol. 2 (2004) Sin City (2005), Hell Ride (2008), Lamut B'Yom A'her (2002), Donnie Brasco (1997), Species ...                "
" Kevin Bacon","https://m.media-amazon.com/images/M/MV5BOTQxMTEyMjI0NV5BMl5BanBnXkFtZTgwODE4ODAzMjE@._V1_UX140_CR0,0,140,209_AL_.jpg","https://www.imdb.com/name/nm0000102?ref_=nmls_hd","Kevin Norwood Bacon was born on July 8, 1958 in Philadelphia, Pennsylvania, to Ruth Hilda (Holmes), an elementary school teacher, and Edmund Norwood Bacon, a prominent architect who was on the cover of Time Magazine in November 1964.Kevin's early training as an actor came from The Manning Street. ...                "
" Ed Harris","https://m.media-amazon.com/images/M/MV5BMjE4NDM4ODc2OV5BMl5BanBnXkFtZTcwNzA5NjQ5MQ@@._V1_UY209_CR5,0,140,209_AL_.jpg","https://www.imdb.com/name/nm0000438?ref_=nmls_hd","By transforming into his characters and pulling the audience in, Ed Harris has earned a reputation as one of the most talented actors of our time.Ed Harris was born in Tenafly, New Jersey, to Margaret (Sholl), a travel agent, and Robert Lee Harris, a bookstore worker who also sang professionally. ...                "
" Alain Delon","https://m.media-amazon.com/images/M/MV5BMTI0MDI2MDY3OV5BMl5BanBnXkFtZTYwNDg5ODM0._V1_UX140_CR0,0,140,209_AL_.jpg","https://www.imdb.com/name/nm0001128?ref_=nmls_hd","Alain Fabien Maurice Marcel Delon was born in Sceaux, Hauts-de-Seine, France, to Édith (Arnold) and Fabien Delon. His father was of French and Corsican Italian descent, and his mother was of French and German ancestry. His parents divorced early on, and Delon had a stormy childhood, being ...                "
" Chris Cooper","https://m.media-amazon.com/images/M/MV5BMTg5NTgxMzgxNl5BMl5BanBnXkFtZTcwMTAyMjcxNA@@._V1_UY209_CR7,0,140,209_AL_.jpg","https://www.imdb.com/name/nm0177933?ref_=nmls_hd","Christopher Walton Cooper was born in Kansas City, Missouri, to Mary Ann (Walton), a homemaker, and Charles Sherwood Cooper, a cattleman and internist who served as a doctor in the US Air Force. His parents were from Texas, where Cooper was raised.Educated at the University of Missouri school of ...                "
" Gérard Depardieu","https://m.media-amazon.com/images/M/MV5BMTgwMDU4OTk5MF5BMl5BanBnXkFtZTYwNTUwODY0._V1_UX140_CR0,0,140,209_AL_.jpg","https://www.imdb.com/name/nm0000367?ref_=nmls_hd","Gérard Depardieu was born in Châteauroux, Indre, France, to Anne Jeanne Josèphe (Marillier) and René Maxime Lionel Depardieu, who was a metal worker and fireman. Young delinquent and wanderer in the past, Depardieu started his acting career at the small traveling theatre ""Café de la Gare"", along ...                "
" Justin Theroux","https://m.media-amazon.com/images/M/MV5BMjA4MDAxNTc5Nl5BMl5BanBnXkFtZTgwNTYyNzE4MTE@._V1_UY209_CR8,0,140,209_AL_.jpg","https://www.imdb.com/name/nm0857620?ref_=nmls_hd","Justin was born and raised in Washington, DC, the son of Phyllis (Grissim), a writer for The Washington Post, and Eugene Theroux, a corporate lawyer. He is a nephew of writer Paul Theroux and a cousin of journalists Louis Theroux and Marcel Theroux. His father is of French-Canadian and Italian ...                "
" Nick Nolte","https://m.media-amazon.com/images/M/MV5BMTU1ODAzMDk3Ml5BMl5BanBnXkFtZTYwOTEzMzE0._V1_UY209_CR1,0,140,209_AL_.jpg","https://www.imdb.com/name/nm0000560?ref_=nmls_hd","Nick Nolte was born in Omaha, Nebraska and began his career on stage at the Pasadena Playhouse and in regional theatre productions. His breakthrough role was in the TV miniseries Rich Man, Poor Man (1976), playing the role of ""Tom/Tommy Jordache"". Nick Nolte said that when he played a young man in ...                "
" Val Kilmer","https://m.media-amazon.com/images/M/MV5BMTk3ODIzMDA5Ml5BMl5BanBnXkFtZTcwNDY0NTU4Ng@@._V1_UY209_CR3,0,140,209_AL_.jpg","https://www.imdb.com/name/nm0000174?ref_=nmls_hd","Val Kilmer was born in Los Angeles, California, to Gladys Swanette (Ekstadt) and Eugene Dorris Kilmer, who was a real estate developer and aerospace equipment distributor. His mother, born in Indiana, was from a Swedish family, and his father was from Texas. Val studied at Hollywood's ...                "
" Joaquin Phoenix","https://m.media-amazon.com/images/M/MV5BZGMyY2Q4NTEtMWVkZS00NzcwLTkzNmQtYzBlMWZhZGNhMDhkXkEyXkFqcGdeQXVyNjk1MjYyNTA@._V1_UX140_CR0,0,140,209_AL_.jpg","https://www.imdb.com/name/nm0001618?ref_=nmls_hd","Joaquin Phoenix was born Joaquin Rafael Bottom in San Juan, Puerto Rico, to Arlyn (Dunetz) and John Bottom, and is the middle child in a brood of five. His parents, from the continental United States, were then serving as Children of God missionaries. His mother is from a Jewish family from New ...                "
" Jared Leto","https://m.media-amazon.com/images/M/MV5BMTczMjUwNDUzMF5BMl5BanBnXkFtZTgwNDA4OTAzMTE@._V1_UX140_CR0,0,140,209_AL_.jpg","https://www.imdb.com/name/nm0001467?ref_=nmls_hd","Jared Leto is a very familiar face in recent film history. Although he has always been the lead vocals, rhythm guitar, and songwriter for American band Thirty Seconds to Mars, Leto is an accomplished actor merited by the numerous, challenging projects he has taken in his life. He is known to be ...                "
" Laurence Fishburne","https://m.media-amazon.com/images/M/MV5BMTc0NjczNDc1MV5BMl5BanBnXkFtZTYwMDU0Mjg1._V1_UX140_CR0,0,140,209_AL_.jpg","https://www.imdb.com/name/nm0000401?ref_=nmls_hd","Critically hailed for his forceful, militant, authoritative figures and one of Hollywood's most talented and versatile performers, Laurence (John) Fishburne III has been the recipient of numerous awards, including a number of NAACP Image honors.Born in Augusta, Georgia on July 30, 1961, to Hattie ...                "
" Antonio Banderas","https://m.media-amazon.com/images/M/MV5BMTUyOTQ3NTYyNF5BMl5BanBnXkFtZTcwMTY2NjIzNQ@@._V1_UX140_CR0,0,140,209_AL_.jpg","https://www.imdb.com/name/nm0000104?ref_=nmls_hd","Antonio Banderas, one of Spain's most famous faces, was a soccer player until breaking his foot at the age of fourteen; he is now an international movie star known for playing Zorro in the eponymous movie series.He was born José Antonio Domínguez Banderas on August 10, 1960, in Málaga, Andalusia, ...                "
" John Travolta","https://m.media-amazon.com/images/M/MV5BMTMyMjZlYzgtZWRjMC00OTRmLTllZTktMmM1ODVmNjljMTQyXkEyXkFqcGdeQXVyMTExNzQ3MzAw._V1_UY209_CR15,0,140,209_AL_.jpg","https://www.imdb.com/name/nm0000237?ref_=nmls_hd","John Joseph Travolta was born in Englewood, New Jersey, one of six children of Helen Travolta (née Helen Cecilia Burke) and Salvatore/Samuel J. Travolta. His father was of Italian descent and his mother was of Irish ancestry. His father owned a tire repair shop called Travolta Tires in Hillsdale, ...                "
" John Goodman","https://m.media-amazon.com/images/M/MV5BOTk1MzAzMDUxMF5BMl5BanBnXkFtZTgwODgyMTQxNjM@._V1_UY209_CR8,0,140,209_AL_.jpg","https://www.imdb.com/name/nm0000422?ref_=nmls_hd","John Stephen Goodman's am American film, TV & stage actor. He was born in Affton, Missouri to Virginia Roos (Loosmore), a waitress and saleswoman & Leslie Francis Goodman, a postal worker who died when he was a small child. He's of English, Welsh & German ancestry. He's best known for his role as ...                "
" Arnold Schwarzenegger","https://m.media-amazon.com/images/M/MV5BMTI3MDc4NzUyMV5BMl5BanBnXkFtZTcwMTQyMTc5MQ@@._V1_UY209_CR13,0,140,209_AL_.jpg","https://www.imdb.com/name/nm0000216?ref_=nmls_hd","With an almost unpronounceable surname and a thick Austrian accent, who would have ever believed that a brash, quick talking bodybuilder from a small European village would become one of Hollywood's biggest stars, marry into the prestigious Kennedy family, amass a fortune via shrewd investments and...                "
" Adrien Brody","https://m.media-amazon.com/images/M/MV5BMjI3ODkxMjU3OF5BMl5BanBnXkFtZTgwMTk2Njk3MTE@._V1_UX140_CR0,0,140,209_AL_.jpg","https://www.imdb.com/name/nm0004778?ref_=nmls_hd","Adrien Nicholas Brody was born in Woodhaven, Queens, New York, the only child of retired history professor Elliot Brody and Hungarian-born photographer Sylvia Plachy. He accompanied his mother on assignments for the Village Voice, and credits her with making him feel comfortable in front of the ...                "
" Michael Keaton","https://m.media-amazon.com/images/M/MV5BZmNiZmMzN2MtOTNkMy00YjA1LTg4NzktMWI4Njg1NzI3ODAyXkEyXkFqcGdeQXVyNzg5MzIyOA@@._V1_UX140_CR0,0,140,209_AL_.jpg","https://www.imdb.com/name/nm0000474?ref_=nmls_hd","Quirky, inventive and handsome American actor Michael Keaton first achieved major fame with his door-busting performance as fast-talking ideas man Bill Blazejowski, alongside a nerdish morgue attendant (Henry Winkler), in Night Shift (1982). He played further comedic roles in Mr. Mom (1983), Johnny...                "
" Billy Bob Thornton","https://m.media-amazon.com/images/M/MV5BMTcxOTUwMDI0OF5BMl5BanBnXkFtZTcwNjIyNzkzNw@@._V1_UX140_CR0,0,140,209_AL_.jpg","https://www.imdb.com/name/nm0000671?ref_=nmls_hd","Billy Bob Thornton was born on August 4, 1955 in Hot Springs, Arkansas, to Virginia Roberta (Faulkner), a psychic, and William Raymond (Billy Ray) Thornton, an educator, high school history teacher, and basketball coach (now deceased). He is the older brother of James Donald (Jimmy Don) (born in ...                "
" Hugo Weaving","https://m.media-amazon.com/images/M/MV5BMjAxMzAyNDQyMF5BMl5BanBnXkFtZTcwOTM4ODcxMw@@._V1_UY209_CR3,0,140,209_AL_.jpg","https://www.imdb.com/name/nm0915989?ref_=nmls_hd","Hugo Wallace Weaving was born on April 4, 1960 in Nigeria, to English parents Anne (Lennard), a tour guide and teacher, and Wallace Weaving, a seismologist. Hugo has an older brother, Simon, and a younger sister, Anna, who both also live and work in Australia. During his early childhood, the ...                "
" Sam Shepard","https://m.media-amazon.com/images/M/MV5BMjE2MzM1Nzg1OV5BMl5BanBnXkFtZTcwOTYzMDAxMw@@._V1_UY209_CR32,0,140,209_AL_.jpg","https://www.imdb.com/name/nm0001731?ref_=nmls_hd","Sam Shepard was born Samuel Shepard Rogers in Fort Sheridan, IL, to Jane Elaine (Schook), a teacher, and Samuel Shepard Rogers, a teacher and farmer who was also in the army. As the eldest son of a US Army officer (and WWII bomber pilot), Shepard spent his early childhood moving from base to base ...                "
" Jude Law","https://m.media-amazon.com/images/M/MV5BMTMwOTg5NTQ3NV5BMl5BanBnXkFtZTcwNzM3MDAzNQ@@._V1_UY209_CR4,0,140,209_AL_.jpg","https://www.imdb.com/name/nm0000179?ref_=nmls_hd","Jude Law is an English actor. Law has been nominated for two Academy Awards and continues to build a prolific body of work that spans from early successes such as Ma Kara B'Gattaca (1997) and The Talented Mr. Ripley (1999) to more recent turns as Dr. John Watson in Sherlock Holmes (2009) and ...                "
" Geoffrey Rush","https://m.media-amazon.com/images/M/MV5BMTg2MjkxNDU0NV5BMl5BanBnXkFtZTcwOTk3MDQ0NA@@._V1_UX140_CR0,0,140,209_AL_.jpg","https://www.imdb.com/name/nm0001691?ref_=nmls_hd","Geoffrey Roy Rush was born on July 6, 1951, in Toowoomba, Queensland, Australia, to Merle (Bischof), a department store sales assistant, and Roy Baden Rush, an accountant for the Royal Australian Air Force. His mother was of German descent and his father had English, Irish, and Scottish ancestry. ...                "
" Roberto Benigni","https://m.media-amazon.com/images/M/MV5BMTUwMzI1Nzg5NF5BMl5BanBnXkFtZTYwODU5NjYz._V1_UY209_CR9,0,140,209_AL_.jpg","https://www.imdb.com/name/nm0000905?ref_=nmls_hd","Roberto Benigni was born on October 27, 1952 in Manciano La Misericordia, Castiglion Fiorentino, Tuscany, Italy as Roberto Remigio Benigni. He is an actor and writer, known for La vita è bella (1997), La tigre e la neve (2005) and Down by Law (1986). He has been married to Nicoletta Braschi ...                "
" Jürgen Prochnow","https://m.media-amazon.com/images/M/MV5BMTgyNzQ3NDk4OF5BMl5BanBnXkFtZTYwMDgxMjA3._V1_UX140_CR0,0,140,209_AL_.jpg","https://www.imdb.com/name/nm0001638?ref_=nmls_hd","Born in Berlin, Germany, in 1941, Jürgen Prochnow is a leading actor of the German stage and screen. He was memorable as the submarine captain in the gritty WW II film Das Boot (1981), which brought him to international prominence. He has since starred in many well-received European and Hollywood ...                "
" Alec Baldwin","https://m.media-amazon.com/images/M/MV5BMjE1Njg4MzY3M15BMl5BanBnXkFtZTcwNTY3MjE3NA@@._V1_UX140_CR0,0,140,209_AL_.jpg","https://www.imdb.com/name/nm0000285?ref_=nmls_hd","Alec Baldwin is the oldest, and best-known, of the four Baldwin brothers in the acting business (the others are Stephen Baldwin, William Baldwin and Daniel Baldwin). Alexander Rae Baldwin III was born on April 3, 1958 in Massapequa, New York, the son of Carol Newcomb (Martineau) and Alexander Rae ...                "
" Joseph Fiennes","https://m.media-amazon.com/images/M/MV5BNDBkZGNlNGEtNTg5OS00NTY5LTlkOGItOWRhNjUwODEyZDcwXkEyXkFqcGdeQXVyMTA2MDIzMDE5._V1_UY209_CR87,0,140,209_AL_.jpg","https://www.imdb.com/name/nm0001212?ref_=nmls_hd","Joseph Alberic Twisleton-Wykeham-Fiennes was born in Salisbury, Wiltshire, to Jennifer Anne Mary Alleyne (Lash), a novelist, and Mark Fiennes, a photographer. He is one of six children. Four of his siblings are also in the arts: Ralph Fiennes, an actor; Martha Fiennes, a director; Magnus Fiennes, a...                "
" Sebastian Koch","https://m.media-amazon.com/images/M/MV5BODEzMjY3MjQtNjc5Mi00MDAzLWFhNTUtZGU0ZDQ5MjE5NTIzXkEyXkFqcGdeQXVyMjExMjAwOTk@._V1_UY209_CR4,0,140,209_AL_.jpg","https://www.imdb.com/name/nm0462407?ref_=nmls_hd","On stage, television or the movie theatre screen Sebastian Koch is undeniably one of Germany s most multi-faceted and successful actors. Born in Karlsruhe, Germany, May 31, 1962, he spent his childhood and youth in Stuttgart, southwestern Germany. He planned to become a musician, but in the late ...                "
" F. Murray Abraham","https://m.media-amazon.com/images/M/MV5BNDQ2MzQ2ODYxM15BMl5BanBnXkFtZTcwODY3NTIxNw@@._V1_UY209_CR3,0,140,209_AL_.jpg","https://www.imdb.com/name/nm0000719?ref_=nmls_hd","Academy Award-winning actor F. Murray Abraham was born on October 24, 1939 in Pittsburgh, Pennsylvania and raised in El Paso, Texas. His father, Fred Abraham, was a Syrian (Antiochian Orthodox Christian) immigrant. His mother, Josephine (Stello) Abraham, was the daughter of Italian immigrants. Born...                "
" Javier Bardem","https://m.media-amazon.com/images/M/MV5BMTY1NTc4NTYzMF5BMl5BanBnXkFtZTcwNDIwOTY1NA@@._V1_UX140_CR0,0,140,209_AL_.jpg","https://www.imdb.com/name/nm0000849?ref_=nmls_hd","Javier Bardem belongs to a family of actors that have been working on films since the early days of Spanish cinema.He was born in Las Palmas de Gran Canaria, Spain, to actress Pilar Bardem (María del Pilar Bardem Muñoz) and businessman José Carlos Encinas Doussinague. His maternal grandparents were...                "
" John Wayne","https://m.media-amazon.com/images/M/MV5BMTY1NDE0NzgzNl5BMl5BanBnXkFtZTcwNDMwMTUzNw@@._V1_UY209_CR9,0,140,209_AL_.jpg","https://www.imdb.com/name/nm0000078?ref_=nmls_hd","John Wayne was born Marion Robert Morrison in Iowa, to Mary Alberta (Brown) and Clyde Leonard Morrison, a pharmacist. He was of English, Ulster-Scots, and Irish ancestry.Clyde developed a lung condition that required him to move his family from Iowa to the warmer climate of southern California, ...                "